file,dimensions,color_space,format,transparency,destination,editable_source,qa
"assets/logo/pww-mark-master.svg","Vector","sRGB hex","SVG, outlined text","n/a","Brand master: web, print, docs","Master (this file)","Pass: generated from shared mark geometry"
"assets/logo/pww-mark-master-1024.png","1024×1201","sRGB (sRGB chunk)","PNG-32 RGBA","Transparent background","Docs, slides, web","assets/logo/pww-mark-master.svg","Pass: 1024×1201, 21 KB"
"assets/logo/pww-mark-on-dark.svg","Vector","sRGB hex","SVG, outlined text","n/a","Brand master: web, print, docs","Master (this file)","Pass: generated from shared mark geometry"
"assets/logo/pww-mark-on-dark-1024.png","1024×1201","sRGB (sRGB chunk)","PNG-32 RGBA","Transparent background","Docs, slides, web","assets/logo/pww-mark-on-dark.svg","Pass: 1024×1201, 21 KB"
"assets/logo/pww-mark-mono-black.svg","Vector","sRGB hex","SVG, outlined text","n/a","Brand master: web, print, docs","Master (this file)","Pass: generated from shared mark geometry"
"assets/logo/pww-mark-mono-black-1024.png","1024×1201","sRGB (sRGB chunk)","PNG-32 RGBA","Transparent background","Docs, slides, web","assets/logo/pww-mark-mono-black.svg","Pass: 1024×1201, 18 KB"
"assets/logo/pww-mark-mono-white.svg","Vector","sRGB hex","SVG, outlined text","n/a","Brand master: web, print, docs","Master (this file)","Pass: generated from shared mark geometry"
"assets/logo/pww-mark-mono-white-1024.png","1024×1201","sRGB (sRGB chunk)","PNG-32 RGBA","Transparent background","Docs, slides, web","assets/logo/pww-mark-mono-white.svg","Pass: 1024×1201, 19 KB"
"assets/logo/pww-wordmark-horizontal-light.svg","Vector","sRGB hex","SVG, outlined text","n/a","Brand master: web, print, docs","Master (this file)","Pass: generated from shared mark geometry"
"assets/logo/pww-wordmark-horizontal-light-2400w.png","2400×430","sRGB (sRGB chunk)","PNG-32 RGBA","Transparent background","Docs, web, support page","assets/logo/pww-wordmark-horizontal-light.svg","Pass: 2400×430, 25 KB"
"assets/logo/pww-wordmark-stacked-light.svg","Vector","sRGB hex","SVG, outlined text","n/a","Brand master: web, print, docs","Master (this file)","Pass: generated from shared mark geometry"
"assets/logo/pww-wordmark-stacked-light-1200w.png","1200×585","sRGB (sRGB chunk)","PNG-32 RGBA","Transparent background","Docs, web, support page","assets/logo/pww-wordmark-stacked-light.svg","Pass: 1200×585, 16 KB"
"assets/logo/pww-wordmark-horizontal-dark.svg","Vector","sRGB hex","SVG, outlined text","n/a","Brand master: web, print, docs","Master (this file)","Pass: generated from shared mark geometry"
"assets/logo/pww-wordmark-horizontal-dark-2400w.png","2400×430","sRGB (sRGB chunk)","PNG-32 RGBA","Transparent background","Docs, web, support page","assets/logo/pww-wordmark-horizontal-dark.svg","Pass: 2400×430, 25 KB"
"assets/logo/pww-wordmark-stacked-dark.svg","Vector","sRGB hex","SVG, outlined text","n/a","Brand master: web, print, docs","Master (this file)","Pass: generated from shared mark geometry"
"assets/logo/pww-wordmark-stacked-dark-1200w.png","1200×585","sRGB (sRGB chunk)","PNG-32 RGBA","Transparent background","Docs, web, support page","assets/logo/pww-wordmark-stacked-dark.svg","Pass: 1200×585, 16 KB"
"assets/logo/pww-wordmark-horizontal-mono-black.svg","Vector","sRGB hex","SVG, outlined text","n/a","Brand master: web, print, docs","Master (this file)","Pass: generated from shared mark geometry"
"assets/logo/pww-wordmark-horizontal-mono-black-2400w.png","2400×430","sRGB (sRGB chunk)","PNG-32 RGBA","Transparent background","Docs, web, support page","assets/logo/pww-wordmark-horizontal-mono-black.svg","Pass: 2400×430, 23 KB"
"assets/logo/pww-wordmark-stacked-mono-black.svg","Vector","sRGB hex","SVG, outlined text","n/a","Brand master: web, print, docs","Master (this file)","Pass: generated from shared mark geometry"
"assets/logo/pww-wordmark-stacked-mono-black-1200w.png","1200×585","sRGB (sRGB chunk)","PNG-32 RGBA","Transparent background","Docs, web, support page","assets/logo/pww-wordmark-stacked-mono-black.svg","Pass: 1200×585, 15 KB"
"assets/logo/pww-wordmark-horizontal-mono-white.svg","Vector","sRGB hex","SVG, outlined text","n/a","Brand master: web, print, docs","Master (this file)","Pass: generated from shared mark geometry"
"assets/logo/pww-wordmark-horizontal-mono-white-2400w.png","2400×430","sRGB (sRGB chunk)","PNG-32 RGBA","Transparent background","Docs, web, support page","assets/logo/pww-wordmark-horizontal-mono-white.svg","Pass: 2400×430, 24 KB"
"assets/logo/pww-wordmark-stacked-mono-white.svg","Vector","sRGB hex","SVG, outlined text","n/a","Brand master: web, print, docs","Master (this file)","Pass: generated from shared mark geometry"
"assets/logo/pww-wordmark-stacked-mono-white-1200w.png","1200×585","sRGB (sRGB chunk)","PNG-32 RGBA","Transparent background","Docs, web, support page","assets/logo/pww-wordmark-stacked-mono-white.svg","Pass: 1200×585, 16 KB"
"assets/ios/source/AppIcon-1024-light.svg","Vector","sRGB hex","SVG, outlined text","n/a","Editable source for Xcode / Icon Composer","Master (this file)","Pass: generated from shared mark geometry"
"assets/ios/AppIcon.appiconset/AppIcon-1024-light.png","1024×1024","sRGB (sRGB chunk)","PNG-24 RGB, no alpha channel","None (no alpha channel)","Xcode Assets.xcassets › AppIcon (Any appearance)","assets/ios/source/AppIcon-1024-light.svg","Pass: 1024×1024, no alpha, 13 KB"
"assets/ios/source/AppIcon-1024-dark.svg","Vector","sRGB hex","SVG, outlined text","n/a","Editable source for Xcode / Icon Composer","Master (this file)","Pass: generated from shared mark geometry"
"assets/ios/AppIcon.appiconset/AppIcon-1024-dark.png","1024×1024","sRGB (sRGB chunk)","PNG-24 RGB, no alpha channel","None (no alpha channel)","Xcode Assets.xcassets › AppIcon (Dark appearance)","assets/ios/source/AppIcon-1024-dark.svg","Pass: 1024×1024, no alpha, 13 KB"
"assets/ios/source/AppIcon-1024-tinted.svg","Vector","sRGB hex","SVG, outlined text","n/a","Editable source for Xcode / Icon Composer","Master (this file)","Pass: generated from shared mark geometry"
"assets/ios/AppIcon.appiconset/AppIcon-1024-tinted.png","1024×1024","sRGB (sRGB chunk)","PNG-24 RGB, no alpha channel","None (no alpha channel)","Xcode Assets.xcassets › AppIcon (Tinted appearance)","assets/ios/source/AppIcon-1024-tinted.svg","Pass: 1024×1024, no alpha, 10 KB; grayscale for system tint"
"assets/ios/source/layer-background-hemlock.svg","Vector","sRGB hex","SVG, outlined text","n/a","Optional Icon Composer (.icon) layers","Master (this file)","Pass: generated from shared mark geometry"
"assets/ios/source/layer-streams.svg","Vector","sRGB hex","SVG, outlined text","n/a","Optional Icon Composer (.icon) layers","Master (this file)","Pass: generated from shared mark geometry"
"assets/ios/source/layer-monitoring-point.svg","Vector","sRGB hex","SVG, outlined text","n/a","Optional Icon Composer (.icon) layers","Master (this file)","Pass: generated from shared mark geometry"
"assets/ios/AppIcon.appiconset/Contents.json","Vector","sRGB hex","Xcode asset catalog JSON","n/a","Xcode AppIcon set (diff with existing before replacing)","Master (this file)","Pass: generated from shared mark geometry"
"assets/android/res/drawable/ic_launcher_foreground.xml","Vector","sRGB hex","Android XML resource","n/a","app/src/main/res/ (diff against existing names first)","Master (this file)","Pass: generated from shared mark geometry"
"assets/android/res/drawable/ic_launcher_monochrome.xml","Vector","sRGB hex","Android XML resource","n/a","app/src/main/res/ (diff against existing names first)","Master (this file)","Pass: generated from shared mark geometry"
"assets/android/res/values/ic_launcher_background.xml","Vector","sRGB hex","Android XML resource","n/a","app/src/main/res/ (diff against existing names first)","Master (this file)","Pass: generated from shared mark geometry"
"assets/android/res/mipmap-anydpi-v26/ic_launcher.xml","Vector","sRGB hex","Android XML resource","n/a","app/src/main/res/ (diff against existing names first)","Master (this file)","Pass: generated from shared mark geometry"
"assets/android/res/mipmap-anydpi-v26/ic_launcher_round.xml","Vector","sRGB hex","Android XML resource","n/a","app/src/main/res/ (diff against existing names first)","Master (this file)","Pass: generated from shared mark geometry"
"assets/android/preview/ic_launcher_foreground-432.png","432×432","sRGB (sRGB chunk)","PNG-32 RGBA","Transparent background","Reference raster, xxxhdpi 108dp (XML vector ships)","assets/android/res/drawable/ic_launcher_foreground.xml","Pass: 432×432, 3 KB"
"assets/android/preview/ic_launcher_background-432.png","432×432","sRGB (sRGB chunk)","PNG-24 RGB, no alpha channel","None (no alpha channel)","Reference raster (color resource ships)","assets/android/res/values/ic_launcher_background.xml","Pass: 432×432, no alpha, 1 KB"
"assets/android/preview/ic_launcher_monochrome-432.png","432×432","sRGB (sRGB chunk)","PNG-32 RGBA","Transparent background","Reference raster, themed-icon layer","assets/android/res/drawable/ic_launcher_monochrome.xml","Pass: 432×432, 3 KB"
"assets/play/play-icon-512.svg","Vector","sRGB hex","SVG, outlined text","n/a","Editable source, Play icon","Master (this file)","Pass: generated from shared mark geometry"
"assets/play/play-icon-512-srgb-32bit.png","512×512","sRGB (sRGB chunk)","PNG-32 RGBA","Alpha channel, every pixel opaque","Play Console › Main store listing › App icon","assets/play/play-icon-512.svg","Pass: 512×512, 6 KB; full-bleed square, no baked corners or shadow"
"assets/play/play-feature-graphic-1024x500.svg","Vector","sRGB hex","SVG, outlined text","n/a","Editable source, feature graphic","Master (this file)","Pass: generated from shared mark geometry"
"assets/play/play-feature-graphic-1024x500-24bit.png","1024×500","sRGB (sRGB chunk)","PNG-24 RGB, no alpha channel","None (no alpha channel)","Play Console › Main store listing › Feature graphic","assets/play/play-feature-graphic-1024x500.svg","Pass: 1024×500, no alpha, 14 KB"
"assets/screenshots/templates/ios-screenshot-template-1320x2868.svg","Vector","sRGB hex","SVG, outlined text","n/a","Screenshot composition template","Master (this file)","Pass: generated from shared mark geometry"
"assets/screenshots/templates/ios-screenshot-template-1320x2868-PENDING.png","1320×2868","sRGB (sRGB chunk)","PNG-24 RGB, no alpha channel","None (no alpha channel)","Reference only. Do not upload.","assets/screenshots/templates/ios-screenshot-template-1320x2868.svg","Pass: 1320×2868, no alpha, 123 KB; PENDING real capture"
"assets/screenshots/templates/play-screenshot-template-1080x1920.svg","Vector","sRGB hex","SVG, outlined text","n/a","Screenshot composition template","Master (this file)","Pass: generated from shared mark geometry"
"assets/screenshots/templates/play-screenshot-template-1080x1920-PENDING.png","1080×1920","sRGB (sRGB chunk)","PNG-24 RGB, no alpha channel","None (no alpha channel)","Reference only. Do not upload.","assets/screenshots/templates/play-screenshot-template-1080x1920.svg","Pass: 1080×1920, no alpha, 67 KB; PENDING real capture; caption band under 20%"