data,apple,google,purpose,collected,linked,shared,retention,sdk,evidence
Name,Contact Info › Name,Personal info › Name,App functionality (attribution of submissions),NEEDS CODE/CONSOLE VERIFICATION,"Yes, if collected",OWNER DECISION (only if shown on public dashboard),OWNER DECISION,Firebase Auth / Firestore,User profile + submission schema; ArcGIS publish field mapping
Email address,Contact Info › Email Address,Personal info › Email address,App functionality (sign-in),NEEDS CODE/CONSOLE VERIFICATION (depends on auth provider),Yes,No (expected),OWNER DECISION,Firebase Authentication,Auth provider config in Firebase console; sign-in code
User ID,Identifiers › User ID,Personal info › User IDs,App functionality,Likely yes (Firebase UID on submissions): NEEDS CODE/CONSOLE VERIFICATION,Yes,No (expected),OWNER DECISION,Firebase Authentication,Firestore document fields; security rules
Precise location,Location › Precise Location,Location › Precise location,App functionality (visit position + GPS accuracy),"Yes, with each sampling visit: NEEDS CODE/CONSOLE VERIFICATION (foreground only?)",Yes,OWNER DECISION (are visit coordinates published?),OWNER DECISION,Core Location / Android Location (Fused Location Provider?),Info.plist usage strings; AndroidManifest permissions; publish mapping
"Measurements, visit records, revisions",User Content › Other User Content,App activity › Other user-generated content,App functionality,"Yes, on submit",Yes,OWNER DECISION (public publication of approved records via ArcGIS),OWNER DECISION (revisions are preserved by design),Firestore; ArcGIS publication path,Firestore schema; ArcGIS feature layer schema; who operates the ArcGIS org
Local drafts,"Not ""collected"" while on device only",Not collected while on device only,App functionality,"No, until submitted",n/a,No,Until submitted or deleted on device: NEEDS CODE/CONSOLE VERIFICATION,SwiftData/Core Data? Room/DataStore?,Local storage code; data protection / encryption at rest
"Crash logs, diagnostics",Diagnostics › Crash Data / Performance Data,"App info and performance › Crash logs, Diagnostics",App functionality / analytics,NEEDS CODE/CONSOLE VERIFICATION (only if Crashlytics or similar),NEEDS CODE/CONSOLE VERIFICATION,No,SDK default: NEEDS CODE/CONSOLE VERIFICATION,Crashlytics? Firebase Performance?,Package.swift / Podfile; build.gradle dependencies
"Product interaction, usage analytics",Usage Data › Product Interaction,App activity › App interactions,Analytics,NEEDS CODE/CONSOLE VERIFICATION (only if Firebase Analytics),NEEDS CODE/CONSOLE VERIFICATION,No,SDK default: NEEDS CODE/CONSOLE VERIFICATION,Firebase Analytics?,Dependency lists; GoogleService-Info.plist flags
Device or other IDs,Identifiers › Device ID,Device or other IDs,Analytics / app functionality,"NEEDS CODE/CONSOLE VERIFICATION (Firebase Installations ID, FCM token)",NEEDS CODE/CONSOLE VERIFICATION,No,SDK default,Firebase Installations / Messaging?,Dependency lists
"Photos, videos, audio",Not collected,Not collected,n/a (deferred),No: NEEDS CODE/CONSOLE VERIFICATION,n/a,n/a,n/a,None expected,No camera/mic/photo usage strings or permissions; no media upload code
Tracking / ads,"""Used to track you"": No (expected)",Contains ads: No (expected),n/a,NEEDS CODE/CONSOLE VERIFICATION,n/a,n/a,n/a,No ad or attribution SDKs expected,Dependency lists; no ATT prompt
Security practices,n/a,Encrypted in transit; deletion request method,n/a,n/a,n/a,n/a,OWNER DECISION (deletion path for provisioned accounts),Firebase (TLS),All endpoints HTTPS; ATS exceptions none; account-deletion applicability for provisioned accounts
